,id,album,name,artist,explicit,popularity,danceability,energy,key,loudness,mode,speechiness,acousticness,instrumentalness,liveness,valence,tempo,type,uri,track_href,analysis_url,duration_ms,time_signature,Context
0,3CVPyuuD6HxWXgPbbGqbg6,Supermodel,Are You What You Want to Be?,Foster The People,FALSE,57,0.599,0.816,6,-5.002,0,0.0514,0.00702,2.80E-06,0.508,0.595,126.02,audio_features,spotify:track:3CVPyuuD6HxWXgPbbGqbg6,https://api.spotify.com/v1/tracks/3CVPyuuD6HxWXgPbbGqbg6,https://api.spotify.com/v1/audio-analysis/3CVPyuuD6HxWXgPbbGqbg6,270840,4,Studying
1,4JlKk8J0Q7IdNchS0iJRSj,Rising Up,Everlasting,Polock,FALSE,43,0.646,0.83,2,-5.72,1,0.0317,0.00431,0.00116,0.108,0.664,112,audio_features,spotify:track:4JlKk8J0Q7IdNchS0iJRSj,https://api.spotify.com/v1/tracks/4JlKk8J0Q7IdNchS0iJRSj,https://api.spotify.com/v1/audio-analysis/4JlKk8J0Q7IdNchS0iJRSj,185477,4,Walking
2,2pBxXAmA8jL9OGBKliJUPR,Great Escape,Past 2,Zemaria,FALSE,30,0.776,0.498,1,-5.597,1,0.0416,0.000214,0.0178,0.0665,0.664,124.047,audio_features,spotify:track:2pBxXAmA8jL9OGBKliJUPR,https://api.spotify.com/v1/tracks/2pBxXAmA8jL9OGBKliJUPR,https://api.spotify.com/v1/audio-analysis/2pBxXAmA8jL9OGBKliJUPR,220427,4,Walking
3,7rZtlqFnct512PSecidpS0,Daydream Forever,Miko,The Chain Gang Of 1974,FALSE,39,0.475,0.916,6,-6.406,0,0.068,0.000814,0.897,0.124,0.619,155.007,audio_features,spotify:track:7rZtlqFnct512PSecidpS0,https://api.spotify.com/v1/tracks/7rZtlqFnct512PSecidpS0,https://api.spotify.com/v1/audio-analysis/7rZtlqFnct512PSecidpS0,182107,4,Studying
4,6vMmWF61OPyBT5Ghio77Pn,Ordinaire EP,Jungles,Stepdad,FALSE,14,0.447,0.906,1,-6.182,1,0.0729,0.0348,0.165,0.137,0.563,173.017,audio_features,spotify:track:6vMmWF61OPyBT5Ghio77Pn,https://api.spotify.com/v1/tracks/6vMmWF61OPyBT5Ghio77Pn,https://api.spotify.com/v1/audio-analysis/6vMmWF61OPyBT5Ghio77Pn,282289,4,Walking
5,78xOxDHxkTTgdnQ4ItdG4K,Mark IV with Joshua Radin (From Fifa13),Mark IV with Joshua Radin (From Fifa13),Ashtar Command,FALSE,25,0.346,0.653,7,-8.81,1,0.0328,0.000789,0.348,0.256,0.131,170.131,audio_features,spotify:track:78xOxDHxkTTgdnQ4ItdG4K,https://api.spotify.com/v1/tracks/78xOxDHxkTTgdnQ4ItdG4K,https://api.spotify.com/v1/audio-analysis/78xOxDHxkTTgdnQ4ItdG4K,341761,4,Studying
6,3IuTuTQnjXxCuVkEIpMiXQ,Get out While You Can,Get out While You Can,Duologue,FALSE,28,0.277,0.936,11,-4.6,0,0.106,4.21E-05,0.00268,0.358,0.328,121.669,audio_features,spotify:track:3IuTuTQnjXxCuVkEIpMiXQ,https://api.spotify.com/v1/tracks/3IuTuTQnjXxCuVkEIpMiXQ,https://api.spotify.com/v1/audio-analysis/3IuTuTQnjXxCuVkEIpMiXQ,258774,4,Studying
7,0ZCxGFX3ro9kD9j8MU8cLj,When The Night (Deluxe),September,St. Lucia,FALSE,33,0.746,0.561,2,-7.911,1,0.0339,0.0152,0.144,0.189,0.387,120.002,audio_features,spotify:track:0ZCxGFX3ro9kD9j8MU8cLj,https://api.spotify.com/v1/tracks/0ZCxGFX3ro9kD9j8MU8cLj,https://api.spotify.com/v1/audio-analysis/0ZCxGFX3ro9kD9j8MU8cLj,346467,4,Walking
8,28R290UQZxslNAt5OYqjoG,Borderland,Champion,The Chevin,FALSE,33,0.383,0.741,9,-5.555,0,0.0485,0.00485,4.64E-06,0.155,0.21,142.967,audio_features,spotify:track:28R290UQZxslNAt5OYqjoG,https://api.spotify.com/v1/tracks/28R290UQZxslNAt5OYqjoG,https://api.spotify.com/v1/audio-analysis/28R290UQZxslNAt5OYqjoG,226533,4,Studying
9,36pHJ5lqNQTLLzGTy8G7xV,Listen,Around Town,The Kooks,FALSE,51,0.578,0.933,9,-3.469,0,0.0582,0.0218,1.19E-05,0.374,0.513,106.973,audio_features,spotify:track:36pHJ5lqNQTLLzGTy8G7xV,https://api.spotify.com/v1/tracks/36pHJ5lqNQTLLzGTy8G7xV,https://api.spotify.com/v1/audio-analysis/36pHJ5lqNQTLLzGTy8G7xV,250692,4,Studying
10,0gFYaybc4gOzplkux4iA8Z,"Oh, What A Life",Hit It,American Authors,FALSE,56,0.639,0.914,7,-3.661,1,0.0931,0.00226,0,0.513,0.75,120.07,audio_features,spotify:track:0gFYaybc4gOzplkux4iA8Z,https://api.spotify.com/v1/tracks/0gFYaybc4gOzplkux4iA8Z,https://api.spotify.com/v1/audio-analysis/0gFYaybc4gOzplkux4iA8Z,207453,4,Walking
11,3BWbj5NXUgr0hK7PmFSI9D,Be Impressive,16 Years,The Griswolds,FALSE,55,0.546,0.84,0,-4.223,1,0.0512,0.0148,7.69E-06,0.101,0.925,170.058,audio_features,spotify:track:3BWbj5NXUgr0hK7PmFSI9D,https://api.spotify.com/v1/tracks/3BWbj5NXUgr0hK7PmFSI9D,https://api.spotify.com/v1/audio-analysis/3BWbj5NXUgr0hK7PmFSI9D,225720,4,Walking
12,0pYIbG6swaHaf4oTvZnRfQ,Sweet Disarray,Compliment Your Soul,Dan Croll,FALSE,45,0.244,0.877,0,-3.626,1,0.0536,0.000463,0.0128,0.462,0.473,82.922,audio_features,spotify:track:0pYIbG6swaHaf4oTvZnRfQ,https://api.spotify.com/v1/tracks/0pYIbG6swaHaf4oTvZnRfQ,https://api.spotify.com/v1/audio-analysis/0pYIbG6swaHaf4oTvZnRfQ,181846,3,Studying
13,4q8ce3VGQzroZzwrRhRwKf,Episode III,Magic,Olympic Ayres,FALSE,54,0.617,0.925,2,-5.708,1,0.0364,0.00427,0.00223,0.36,0.564,116.981,audio_features,spotify:track:4q8ce3VGQzroZzwrRhRwKf,https://api.spotify.com/v1/tracks/4q8ce3VGQzroZzwrRhRwKf,https://api.spotify.com/v1/audio-analysis/4q8ce3VGQzroZzwrRhRwKf,240518,4,Walking
14,1ieTJuI2QzEGLBBHUIWbs2,Wake All My Youth,Rain Of Gold,Young Empires,FALSE,41,0.648,0.931,8,-2.747,1,0.0369,0.168,0.00258,0.0972,0.907,128.011,audio_features,spotify:track:1ieTJuI2QzEGLBBHUIWbs2,https://api.spotify.com/v1/tracks/1ieTJuI2QzEGLBBHUIWbs2,https://api.spotify.com/v1/audio-analysis/1ieTJuI2QzEGLBBHUIWbs2,196093,4,Walking
15,4Xv41B0BJRcMBJYpavNDfD,Youngblood Hawke,We Come Running,Youngblood Hawke,FALSE,52,0.56,0.736,10,-7.014,1,0.041,0.000287,0.00303,0.118,0.31,124.983,audio_features,spotify:track:4Xv41B0BJRcMBJYpavNDfD,https://api.spotify.com/v1/tracks/4Xv41B0BJRcMBJYpavNDfD,https://api.spotify.com/v1/audio-analysis/4Xv41B0BJRcMBJYpavNDfD,248600,4,Walking
16,1LDDhChEfQXyL8QmHHDznj,Spreading Rumours,I'm with You,Grouplove,FALSE,44,0.499,0.809,6,-7.508,0,0.0748,0.414,0.215,0.445,0.405,139.961,audio_features,spotify:track:1LDDhChEfQXyL8QmHHDznj,https://api.spotify.com/v1/tracks/1LDDhChEfQXyL8QmHHDznj,https://api.spotify.com/v1/audio-analysis/1LDDhChEfQXyL8QmHHDznj,334160,4,Studying
17,62tW8h5l2UrgqvdbhZaXL1,Glow,Wild,Royal Teeth,FALSE,42,0.562,0.925,8,-5.927,1,0.0493,0.000456,4.06E-05,0.108,0.766,112.004,audio_features,spotify:track:62tW8h5l2UrgqvdbhZaXL1,https://api.spotify.com/v1/tracks/62tW8h5l2UrgqvdbhZaXL1,https://api.spotify.com/v1/audio-analysis/62tW8h5l2UrgqvdbhZaXL1,274227,4,Walking
18,6z2WRszNAq4YHlw3WuwjZR,Young Blood,Wild Heart,Saint Raymond,FALSE,43,0.708,0.875,11,-7.539,1,0.0458,0.0233,0.000349,0.0589,0.728,109.949,audio_features,spotify:track:6z2WRszNAq4YHlw3WuwjZR,https://api.spotify.com/v1/tracks/6z2WRszNAq4YHlw3WuwjZR,https://api.spotify.com/v1/audio-analysis/6z2WRszNAq4YHlw3WuwjZR,263395,4,Walking
19,6cMswWRv4lAU3mh5lclgCc,LOVETAP!,Dreaming,Smallpools,FALSE,62,0.612,0.89,10,-2.827,0,0.047,0.000478,0,0.0672,0.886,118.989,audio_features,spotify:track:6cMswWRv4lAU3mh5lclgCc,https://api.spotify.com/v1/tracks/6cMswWRv4lAU3mh5lclgCc,https://api.spotify.com/v1/audio-analysis/6cMswWRv4lAU3mh5lclgCc,216253,4,Walking
20,1B241LRKmK6qDDTZfUajmm,The Balcony,Cocoon,Catfish and the Bottlemen,TRUE,65,0.446,0.91,7,-4.481,0,0.0652,0.000254,9.76E-05,0.077,0.325,133.053,audio_features,spotify:track:1B241LRKmK6qDDTZfUajmm,https://api.spotify.com/v1/tracks/1B241LRKmK6qDDTZfUajmm,https://api.spotify.com/v1/audio-analysis/1B241LRKmK6qDDTZfUajmm,236887,4,Walking
21,6wpx4u1PeQlXEvZMPQ49sU,Cave Rave,Love Natural,Crystal Fighters,FALSE,44,0.651,0.794,11,-6.196,1,0.0499,0.0329,0,0.319,0.625,133.086,audio_features,spotify:track:6wpx4u1PeQlXEvZMPQ49sU,https://api.spotify.com/v1/tracks/6wpx4u1PeQlXEvZMPQ49sU,https://api.spotify.com/v1/audio-analysis/6wpx4u1PeQlXEvZMPQ49sU,199520,4,Walking
22,4AGjD3R8ch6JmvDLAwFw7P,Ticket To Ride,Ticket To Ride,KAWALA,FALSE,60,0.575,0.782,9,-5.838,1,0.0771,0.278,3.91E-05,0.31,0.749,160.062,audio_features,spotify:track:4AGjD3R8ch6JmvDLAwFw7P,https://api.spotify.com/v1/tracks/4AGjD3R8ch6JmvDLAwFw7P,https://api.spotify.com/v1/audio-analysis/4AGjD3R8ch6JmvDLAwFw7P,182067,4,Walking
23,7FBGO7sUnXfRoTdnLxiRlw,MIGHT DELETE LATER,MIGHT DELETE LATER,LARRY PINK THE HUMAN,FALSE,44,0.658,0.656,4,-6.559,1,0.0388,0.00176,3.39E-06,0.152,0.629,121.017,audio_features,spotify:track:7FBGO7sUnXfRoTdnLxiRlw,https://api.spotify.com/v1/tracks/7FBGO7sUnXfRoTdnLxiRlw,https://api.spotify.com/v1/audio-analysis/7FBGO7sUnXfRoTdnLxiRlw,228114,4,Studying
24,0oZj6Xl6JJrr15jn05fcAe,Come Alive,Come Alive,FMLYBND,FALSE,49,0.406,0.918,6,-2.892,0,0.0575,0.000897,0.000833,0.174,0.413,114.945,audio_features,spotify:track:0oZj6Xl6JJrr15jn05fcAe,https://api.spotify.com/v1/tracks/0oZj6Xl6JJrr15jn05fcAe,https://api.spotify.com/v1/audio-analysis/0oZj6Xl6JJrr15jn05fcAe,192012,4,Walking
25,178LBNjYjfkhKbcOc6194h,llVV,Darkest Ocean,All Tvvins,TRUE,35,0.604,0.879,2,-3.812,1,0.0515,0.00167,0.000122,0.355,0.22,124.045,audio_features,spotify:track:178LBNjYjfkhKbcOc6194h,https://api.spotify.com/v1/tracks/178LBNjYjfkhKbcOc6194h,https://api.spotify.com/v1/audio-analysis/178LBNjYjfkhKbcOc6194h,221753,4,Studying
26,3DY5LE8QRLm2kpefWFtF09,Girls Like You,Goodbye Mondays,Zibra,FALSE,32,0.587,0.794,7,-4.949,1,0.0384,0.00111,1.26E-06,0.0782,0.296,113.05,audio_features,spotify:track:3DY5LE8QRLm2kpefWFtF09,https://api.spotify.com/v1/tracks/3DY5LE8QRLm2kpefWFtF09,https://api.spotify.com/v1/audio-analysis/3DY5LE8QRLm2kpefWFtF09,176999,4,Walking
27,42oaWtS8QIZv3STncW3wZv,Mirage,Shangri-La,Digitalism,FALSE,40,0.523,0.638,3,-8.305,0,0.044,0.000296,0.32,0.108,0.318,169.054,audio_features,spotify:track:42oaWtS8QIZv3STncW3wZv,https://api.spotify.com/v1/tracks/42oaWtS8QIZv3STncW3wZv,https://api.spotify.com/v1/audio-analysis/42oaWtS8QIZv3STncW3wZv,221747,4,Walking
28,7ioug6JQ6bJTK0SnZ0U55b,Blue,Blue,Howl,FALSE,31,0.426,0.938,9,-4.564,1,0.0469,0.0107,0.00278,0.31,0.446,96.507,audio_features,spotify:track:7ioug6JQ6bJTK0SnZ0U55b,https://api.spotify.com/v1/tracks/7ioug6JQ6bJTK0SnZ0U55b,https://api.spotify.com/v1/audio-analysis/7ioug6JQ6bJTK0SnZ0U55b,201120,4,Walking
29,6EnBcUZMs1CZz3gkLLHAjg,48:13:00,stevie,Kasabian,FALSE,36,0.545,0.855,7,-4.944,1,0.0406,0.033,0.000138,0.0751,0.409,131.99,audio_features,spotify:track:6EnBcUZMs1CZz3gkLLHAjg,https://api.spotify.com/v1/tracks/6EnBcUZMs1CZz3gkLLHAjg,https://api.spotify.com/v1/audio-analysis/6EnBcUZMs1CZz3gkLLHAjg,284587,4,Studying
30,2wHJj7r73uyiMjayyaoJGk,Feeling Electric,Feeling Electric,Parade of Lights,FALSE,49,0.449,0.833,0,-4.626,1,0.0548,0.000387,0.000562,0.151,0.637,97.055,audio_features,spotify:track:2wHJj7r73uyiMjayyaoJGk,https://api.spotify.com/v1/tracks/2wHJj7r73uyiMjayyaoJGk,https://api.spotify.com/v1/audio-analysis/2wHJj7r73uyiMjayyaoJGk,221617,4,Walking
31,0XsVNUmFx0hYW18xIin9ie,Evergreen,L.A.F,BROODS,FALSE,48,0.576,0.793,0,-4.955,1,0.0401,9.23E-05,2.88E-06,0.0426,0.7,88.143,audio_features,spotify:track:0XsVNUmFx0hYW18xIin9ie,https://api.spotify.com/v1/tracks/0XsVNUmFx0hYW18xIin9ie,https://api.spotify.com/v1/audio-analysis/0XsVNUmFx0hYW18xIin9ie,167656,3,Walking
32,20mm07wltfpLJ6vKbx01da,Cavalier Youth (Bonus Track Version),Lived a Lie,You Me At Six,FALSE,50,0.468,0.889,7,-3.945,1,0.0408,0.0486,0,0.351,0.514,133.663,audio_features,spotify:track:20mm07wltfpLJ6vKbx01da,https://api.spotify.com/v1/tracks/20mm07wltfpLJ6vKbx01da,https://api.spotify.com/v1/audio-analysis/20mm07wltfpLJ6vKbx01da,203253,4,Walking
33,3sG4x1x5BQFmcluWZTWVyB,"The Mountains, The Valleys, The Lakes",The Valleys,The Mountains,FALSE,46,0.652,0.705,4,-6.84,1,0.0314,0.596,0.00717,0.514,0.861,140.044,audio_features,spotify:track:3sG4x1x5BQFmcluWZTWVyB,https://api.spotify.com/v1/tracks/3sG4x1x5BQFmcluWZTWVyB,https://api.spotify.com/v1/audio-analysis/3sG4x1x5BQFmcluWZTWVyB,219363,4,Walking
34,1FTSo4v6BOZH9QxKc3MbVM,Blur (Special Edition),Song 2 - 2012 Remaster,Blur,FALSE,77,0.674,0.789,8,-6.903,1,0.0676,0.00178,0.0071,0.0754,0.918,129.804,audio_features,spotify:track:1FTSo4v6BOZH9QxKc3MbVM,https://api.spotify.com/v1/tracks/1FTSo4v6BOZH9QxKc3MbVM,https://api.spotify.com/v1/audio-analysis/1FTSo4v6BOZH9QxKc3MbVM,121160,4,Studying
35,5XMjXjwCkJVmk0AHm7z8IV,Love For The Streets,Jerk It Out,Caesars,FALSE,64,0.58,0.981,8,-2.603,0,0.06,0.0171,1.07E-05,0.386,0.861,134.007,audio_features,spotify:track:5XMjXjwCkJVmk0AHm7z8IV,https://api.spotify.com/v1/tracks/5XMjXjwCkJVmk0AHm7z8IV,https://api.spotify.com/v1/audio-analysis/5XMjXjwCkJVmk0AHm7z8IV,195667,4,Walking
36,6K4t31amVTZDgR3sKmwUJJ,Currents,The Less I Know The Better,Tame Impala,TRUE,84,0.64,0.74,4,-4.083,1,0.0284,0.0115,0.00678,0.167,0.785,116.879,audio_features,spotify:track:6K4t31amVTZDgR3sKmwUJJ,https://api.spotify.com/v1/tracks/6K4t31amVTZDgR3sKmwUJJ,https://api.spotify.com/v1/audio-analysis/6K4t31amVTZDgR3sKmwUJJ,216320,4,Studying
37,3f7OyfSoDbQC0LRDQiytPp,What Went Down,Mountain at My Gates,Foals,FALSE,66,0.495,0.931,2,-5.336,0,0.0469,0.0025,0.0819,0.246,0.617,104.05,audio_features,spotify:track:3f7OyfSoDbQC0LRDQiytPp,https://api.spotify.com/v1/tracks/3f7OyfSoDbQC0LRDQiytPp,https://api.spotify.com/v1/audio-analysis/3f7OyfSoDbQC0LRDQiytPp,244293,4,Studying
38,6O9trMlvwEEYdYn3seB5dR,Outsider,Míol Mór Mara,Outsider,FALSE,35,0.317,0.875,9,-6.698,1,0.0555,0.00112,0.000158,0.28,0.376,179.979,audio_features,spotify:track:6O9trMlvwEEYdYn3seB5dR,https://api.spotify.com/v1/tracks/6O9trMlvwEEYdYn3seB5dR,https://api.spotify.com/v1/audio-analysis/6O9trMlvwEEYdYn3seB5dR,225994,4,Walking
39,3OtlhVRkLHpX1rUadM6QpQ,Ghosts,Ghosts,The Presets,FALSE,0,0.606,0.688,1,-9.202,1,0.039,0.149,3.62E-06,0.189,0.522,139.954,audio_features,spotify:track:3OtlhVRkLHpX1rUadM6QpQ,https://api.spotify.com/v1/tracks/3OtlhVRkLHpX1rUadM6QpQ,https://api.spotify.com/v1/audio-analysis/3OtlhVRkLHpX1rUadM6QpQ,209040,4,Studying
40,4t7EGF0kXG5KeFrQ7hxdc1,The Bones Of What You Believe (Special Edition),We Sink,CHVRCHES,FALSE,0,0.608,0.807,2,-6.248,1,0.0389,0.00011,0.000426,0.506,0.472,125.033,audio_features,spotify:track:4t7EGF0kXG5KeFrQ7hxdc1,https://api.spotify.com/v1/tracks/4t7EGF0kXG5KeFrQ7hxdc1,https://api.spotify.com/v1/audio-analysis/4t7EGF0kXG5KeFrQ7hxdc1,211773,4,Walking
41,3DrwiOk2haF7tae8aB31cJ,"1,000 Opera Singers Working in Starbucks (Radio Edit)","1,000 Opera Singers Working in Starbucks - Radio Edit",Voka Gentle,FALSE,36,0.332,0.808,2,-6.198,1,0.0775,0.069,0.000217,0.197,0.431,143.978,audio_features,spotify:track:3DrwiOk2haF7tae8aB31cJ,https://api.spotify.com/v1/tracks/3DrwiOk2haF7tae8aB31cJ,https://api.spotify.com/v1/audio-analysis/3DrwiOk2haF7tae8aB31cJ,212183,4,Walking
42,3minGt3vPFVTiobgjlh5on,Pockets,Pockets,easy life,FALSE,0,0.632,0.593,1,-6.587,0,0.0393,0.255,0,0.183,0.489,92.89,audio_features,spotify:track:3minGt3vPFVTiobgjlh5on,https://api.spotify.com/v1/tracks/3minGt3vPFVTiobgjlh5on,https://api.spotify.com/v1/audio-analysis/3minGt3vPFVTiobgjlh5on,208231,4,Walking
43,0IJK096XrKQd14Q6fNqW0e,The Now Now,Sorcererz,Gorillaz,FALSE,51,0.584,0.872,9,-6.636,0,0.0365,0.022,0.927,0.127,0.818,84.075,audio_features,spotify:track:0IJK096XrKQd14Q6fNqW0e,https://api.spotify.com/v1/tracks/0IJK096XrKQd14Q6fNqW0e,https://api.spotify.com/v1/audio-analysis/0IJK096XrKQd14Q6fNqW0e,180373,3,Walking
44,4plemE0R4nlluGCCrTv5fO,Everytime I Run,Everytime I Run,"Husky Loops, MEI, Count Counsellor",FALSE,27,0.416,0.54,0,-6.796,1,0.139,0.0506,0,0.532,0.614,80.986,audio_features,spotify:track:4plemE0R4nlluGCCrTv5fO,https://api.spotify.com/v1/tracks/4plemE0R4nlluGCCrTv5fO,https://api.spotify.com/v1/audio-analysis/4plemE0R4nlluGCCrTv5fO,153978,4,Walking
45,1L8epx3bjOlIKncbJZRUcd,Youth,Youth,Glass Animals,FALSE,0,0.648,0.733,9,-7.803,0,0.0306,0.108,0.00473,0.113,0.752,96.003,audio_features,spotify:track:1L8epx3bjOlIKncbJZRUcd,https://api.spotify.com/v1/tracks/1L8epx3bjOlIKncbJZRUcd,https://api.spotify.com/v1/audio-analysis/1L8epx3bjOlIKncbJZRUcd,230693,4,Walking
46,6iaszgkGRQPWtnqwtw01V2,Walls,Walls,Slaptop,FALSE,0,0.825,0.619,11,-4.958,0,0.048,0.0625,4.44E-05,0.279,0.615,123.993,audio_features,spotify:track:6iaszgkGRQPWtnqwtw01V2,https://api.spotify.com/v1/tracks/6iaszgkGRQPWtnqwtw01V2,https://api.spotify.com/v1/audio-analysis/6iaszgkGRQPWtnqwtw01V2,238227,4,Walking
47,1qxfdtshzyOo9JwdPbvMYL,Let Me Know,Let Me Know,No Wyld,FALSE,3,0.582,0.891,7,-4.122,1,0.109,0.113,2.13E-05,0.125,0.119,119.886,audio_features,spotify:track:1qxfdtshzyOo9JwdPbvMYL,https://api.spotify.com/v1/tracks/1qxfdtshzyOo9JwdPbvMYL,https://api.spotify.com/v1/audio-analysis/1qxfdtshzyOo9JwdPbvMYL,251907,4,Walking
48,47wq2z7KMHDRnoSMdZODUA,Something For Your M.I.N.D.,Something For Your M.I.N.D.,Superorganism,FALSE,56,0.698,0.542,2,-4.317,1,0.131,0.132,0.00117,0.199,0.664,140.096,audio_features,spotify:track:47wq2z7KMHDRnoSMdZODUA,https://api.spotify.com/v1/tracks/47wq2z7KMHDRnoSMdZODUA,https://api.spotify.com/v1/audio-analysis/47wq2z7KMHDRnoSMdZODUA,165391,4,Walking
49,1NWuKCvhqHptBlFK3HD7TK,I_CON,Down Town,De Staat,FALSE,38,0.461,0.881,9,-5.728,0,0.0885,0.00033,4.57E-05,0.792,0.794,152.954,audio_features,spotify:track:1NWuKCvhqHptBlFK3HD7TK,https://api.spotify.com/v1/tracks/1NWuKCvhqHptBlFK3HD7TK,https://api.spotify.com/v1/audio-analysis/1NWuKCvhqHptBlFK3HD7TK,188387,4,Studying
50,2uSCx6xNA3WzahPDXh36Eb,Don't Forget Who You Are,Don't Forget Who You Are,Miles Kane,FALSE,39,0.462,0.953,10,-2.28,1,0.0361,0.000732,1.00E-05,0.0905,0.387,93.986,audio_features,spotify:track:2uSCx6xNA3WzahPDXh36Eb,https://api.spotify.com/v1/tracks/2uSCx6xNA3WzahPDXh36Eb,https://api.spotify.com/v1/audio-analysis/2uSCx6xNA3WzahPDXh36Eb,204947,4,Studying
51,6oeABvJGU7Oztzd3CiSv0l,Slowdive,Star Roving,Slowdive,FALSE,35,0.326,0.932,9,-4.909,1,0.0506,0.0733,0.725,0.293,0.397,143.927,audio_features,spotify:track:6oeABvJGU7Oztzd3CiSv0l,https://api.spotify.com/v1/tracks/6oeABvJGU7Oztzd3CiSv0l,https://api.spotify.com/v1/audio-analysis/6oeABvJGU7Oztzd3CiSv0l,338869,4,Studying
52,4cY1UR4UCWzXqGm9lMvnQC,PHRESSSH - EP,Wages - PHRESSSH Mix,Bad Sounds,FALSE,0,0.48,0.902,9,-2.597,1,0.0373,0.00399,0.0175,0.222,0.67,98.032,audio_features,spotify:track:4cY1UR4UCWzXqGm9lMvnQC,https://api.spotify.com/v1/tracks/4cY1UR4UCWzXqGm9lMvnQC,https://api.spotify.com/v1/audio-analysis/4cY1UR4UCWzXqGm9lMvnQC,175382,4,Studying
53,3GTXok0dIm0mMqBiVklBYS,Royal,On Our Way,The Royal Concept,FALSE,54,0.581,0.793,1,-5.949,1,0.0914,0.0084,0,0.183,0.352,130.902,audio_features,spotify:track:3GTXok0dIm0mMqBiVklBYS,https://api.spotify.com/v1/tracks/3GTXok0dIm0mMqBiVklBYS,https://api.spotify.com/v1/audio-analysis/3GTXok0dIm0mMqBiVklBYS,193853,4,Studying
54,6H4IrhaJFaoXrSuQQKfzpD,Inversions,Little Games - St. Lucia Remix,"The Colourist, St. Lucia",FALSE,45,0.571,0.728,7,-8.901,0,0.104,0.00299,0.231,0.112,0.571,110.54,audio_features,spotify:track:6H4IrhaJFaoXrSuQQKfzpD,https://api.spotify.com/v1/tracks/6H4IrhaJFaoXrSuQQKfzpD,https://api.spotify.com/v1/audio-analysis/6H4IrhaJFaoXrSuQQKfzpD,273400,4,Studying
55,0a612uSmQ7zXV54buD9LSn,The 1975,The City,The 1975,FALSE,47,0.485,0.96,5,-4.882,1,0.0839,8.66E-05,0.000674,0.108,0.693,94.978,audio_features,spotify:track:0a612uSmQ7zXV54buD9LSn,https://api.spotify.com/v1/tracks/0a612uSmQ7zXV54buD9LSn,https://api.spotify.com/v1/audio-analysis/0a612uSmQ7zXV54buD9LSn,206893,4,Studying
56,1T5W2TZOovdq5YiJGgXQp8,Just Movement,Here,Robert DeLong,FALSE,0,0.576,0.951,4,-3.832,0,0.0824,0.0148,0.000284,0.626,0.262,139.868,audio_features,spotify:track:1T5W2TZOovdq5YiJGgXQp8,https://api.spotify.com/v1/tracks/1T5W2TZOovdq5YiJGgXQp8,https://api.spotify.com/v1/audio-analysis/1T5W2TZOovdq5YiJGgXQp8,251347,4,Walking
57,7v6EVHw0iUL8ww77IaoLCZ,Love Me Again,Love Me Again,John Newman,FALSE,0,0.497,0.888,2,-4.715,0,0.0452,0.00393,0.000562,0.0968,0.236,126.046,audio_features,spotify:track:7v6EVHw0iUL8ww77IaoLCZ,https://api.spotify.com/v1/tracks/7v6EVHw0iUL8ww77IaoLCZ,https://api.spotify.com/v1/audio-analysis/7v6EVHw0iUL8ww77IaoLCZ,239894,4,Walking
58,7tqG3RAo8h9pHxCJFn7bZb,Alive,Alive,Empire of the Sun,FALSE,0,0.523,0.882,5,-3.093,1,0.0364,0.108,1.07E-06,0.0684,0.388,119.947,audio_features,spotify:track:7tqG3RAo8h9pHxCJFn7bZb,https://api.spotify.com/v1/tracks/7tqG3RAo8h9pHxCJFn7bZb,https://api.spotify.com/v1/audio-analysis/7tqG3RAo8h9pHxCJFn7bZb,204591,4,Walking
59,49Iyikt59PD6VtmNDqg7e8,Royal,Goldrushed,The Royal Concept,FALSE,38,0.58,0.889,7,-5.524,1,0.0367,0.00162,3.03E-06,0.0982,0.408,102.949,audio_features,spotify:track:49Iyikt59PD6VtmNDqg7e8,https://api.spotify.com/v1/tracks/49Iyikt59PD6VtmNDqg7e8,https://api.spotify.com/v1/audio-analysis/49Iyikt59PD6VtmNDqg7e8,227080,4,Studying
60,1huRm0I1QxVb1pJziyCSRh,Dopamine,Fool,BØRNS,FALSE,49,0.675,0.8,11,-4.58,0,0.0324,0.002,0.0405,0.0861,0.889,124.999,audio_features,spotify:track:1huRm0I1QxVb1pJziyCSRh,https://api.spotify.com/v1/tracks/1huRm0I1QxVb1pJziyCSRh,https://api.spotify.com/v1/audio-analysis/1huRm0I1QxVb1pJziyCSRh,218320,4,Walking
61,0gJd9n6gKHNQTgkQJ8JbgU,Get To Heaven (Deluxe Version),Distant Past,Everything Everything,FALSE,33,0.694,0.812,11,-6.473,0,0.0355,0.0666,0.000533,0.211,0.522,129.988,audio_features,spotify:track:0gJd9n6gKHNQTgkQJ8JbgU,https://api.spotify.com/v1/tracks/0gJd9n6gKHNQTgkQJ8JbgU,https://api.spotify.com/v1/audio-analysis/0gJd9n6gKHNQTgkQJ8JbgU,221693,4,Walking
62,6C0xucNj75wRdlejwWIEW1,Kasabian,Club Foot,Kasabian,FALSE,61,0.238,0.919,0,-6.893,1,0.0816,0.0257,2.31E-05,0.0914,0.123,101.752,audio_features,spotify:track:6C0xucNj75wRdlejwWIEW1,https://api.spotify.com/v1/tracks/6C0xucNj75wRdlejwWIEW1,https://api.spotify.com/v1/audio-analysis/6C0xucNj75wRdlejwWIEW1,214373,4,Studying
63,38Riz2Udz1Jvvz25Pj2VDh,The Guns Down EP,Come Down,APRE,FALSE,40,0.446,0.853,7,-3.142,1,0.0601,0.0203,2.73E-06,0.14,0.526,175.979,audio_features,spotify:track:38Riz2Udz1Jvvz25Pj2VDh,https://api.spotify.com/v1/tracks/38Riz2Udz1Jvvz25Pj2VDh,https://api.spotify.com/v1/audio-analysis/38Riz2Udz1Jvvz25Pj2VDh,246213,4,Studying
64,1kRTlW6idFA2IGhJrMmiyF,The Beautiful Game,The Beautiful Game,"RAC, St. Lucia",FALSE,42,0.443,0.643,2,-6.519,1,0.0386,0.374,0.000106,0.1,0.451,105,audio_features,spotify:track:1kRTlW6idFA2IGhJrMmiyF,https://api.spotify.com/v1/tracks/1kRTlW6idFA2IGhJrMmiyF,https://api.spotify.com/v1/audio-analysis/1kRTlW6idFA2IGhJrMmiyF,272587,4,Studying
65,7wDvY6wSWuUsgJSmhPCWtN,Gameshow (Deluxe Edition),Are We Ready? (Wreck),Two Door Cinema Club,FALSE,25,0.601,0.752,2,-6.626,0,0.032,0.00522,0.00732,0.337,0.735,93.988,audio_features,spotify:track:7wDvY6wSWuUsgJSmhPCWtN,https://api.spotify.com/v1/tracks/7wDvY6wSWuUsgJSmhPCWtN,https://api.spotify.com/v1/audio-analysis/7wDvY6wSWuUsgJSmhPCWtN,230853,4,Studying
66,66dEshsPJwNDZO9RLjuJOk,All Possible Futures,All It Ever Was,Miami Horror,FALSE,0,0.176,0.744,0,-4.796,0,0.0425,0.149,0.00336,0.379,0.083,104.05,audio_features,spotify:track:66dEshsPJwNDZO9RLjuJOk,https://api.spotify.com/v1/tracks/66dEshsPJwNDZO9RLjuJOk,https://api.spotify.com/v1/audio-analysis/66dEshsPJwNDZO9RLjuJOk,342320,4,Walking
67,5ECySGXI4N8MCv6jf7HU9n,Hesitation Marks (Deluxe Version),Copy of a,Nine Inch Nails,FALSE,41,0.635,0.832,8,-6.151,1,0.039,0.0238,0.384,0.223,0.681,137.979,audio_features,spotify:track:5ECySGXI4N8MCv6jf7HU9n,https://api.spotify.com/v1/tracks/5ECySGXI4N8MCv6jf7HU9n,https://api.spotify.com/v1/audio-analysis/5ECySGXI4N8MCv6jf7HU9n,322613,5,Studying
68,6ACDV7KDVN6i3jGN1xrI0b,Mechanical,Mechanical,Oliver,FALSE,0,0.572,0.746,10,-6.221,1,0.0278,0.00257,0.166,0.363,0.578,140,audio_features,spotify:track:6ACDV7KDVN6i3jGN1xrI0b,https://api.spotify.com/v1/tracks/6ACDV7KDVN6i3jGN1xrI0b,https://api.spotify.com/v1/audio-analysis/6ACDV7KDVN6i3jGN1xrI0b,226286,4,Studying
69,1HAzsv7VCvbgqrpenTRWj1,Sleep Well Beast,The System Only Dreams in Total Darkness,The National,FALSE,0,0.596,0.912,0,-6.74,0,0.211,0.156,0.794,0.584,0.371,110.013,audio_features,spotify:track:1HAzsv7VCvbgqrpenTRWj1,https://api.spotify.com/v1/tracks/1HAzsv7VCvbgqrpenTRWj1,https://api.spotify.com/v1/audio-analysis/1HAzsv7VCvbgqrpenTRWj1,236747,4,Studying
70,1uqU0nq6DCbJMktSlUvQV8,Nothing But Thieves (Deluxe),Trip Switch,Nothing But Thieves,FALSE,57,0.615,0.798,10,-4.163,0,0.0815,0.0188,0.0081,0.0995,0.753,88.465,audio_features,spotify:track:1uqU0nq6DCbJMktSlUvQV8,https://api.spotify.com/v1/tracks/1uqU0nq6DCbJMktSlUvQV8,https://api.spotify.com/v1/audio-analysis/1uqU0nq6DCbJMktSlUvQV8,181133,4,Walking
71,0H39cYgfekuFluOgGPUicR,Go Wild,Go Wild,Friedberg,FALSE,45,0.677,0.866,7,-8.022,1,0.0441,0.0777,8.82E-05,0.139,0.765,90.972,audio_features,spotify:track:0H39cYgfekuFluOgGPUicR,https://api.spotify.com/v1/tracks/0H39cYgfekuFluOgGPUicR,https://api.spotify.com/v1/audio-analysis/0H39cYgfekuFluOgGPUicR,197682,4,Studying
72,2d1VRB0OXkwtMu0OKsxXDW,Apricot Princess,Never Enough,Rex Orange County,TRUE,59,0.511,0.891,4,-4.44,1,0.095,0.0124,0,0.0912,0.536,158.99,audio_features,spotify:track:2d1VRB0OXkwtMu0OKsxXDW,https://api.spotify.com/v1/tracks/2d1VRB0OXkwtMu0OKsxXDW,https://api.spotify.com/v1/audio-analysis/2d1VRB0OXkwtMu0OKsxXDW,298520,4,Walking
73,3aP1BuaScFyqfqST2KB3VN,What Do You Think About the Car?,Isombard,Declan McKenna,FALSE,52,0.401,0.915,5,-6.829,1,0.0461,0.000592,0.0572,0.317,0.361,169.905,audio_features,spotify:track:3aP1BuaScFyqfqST2KB3VN,https://api.spotify.com/v1/tracks/3aP1BuaScFyqfqST2KB3VN,https://api.spotify.com/v1/audio-analysis/3aP1BuaScFyqfqST2KB3VN,223853,4,Walking
74,7tKnaB8gsXxyPScxEwzQ9N,Inanimate Objects,Stockholm,Atlas Genius,FALSE,48,0.568,0.746,7,-5.437,1,0.0462,0.0054,0,0.162,0.409,125.04,audio_features,spotify:track:7tKnaB8gsXxyPScxEwzQ9N,https://api.spotify.com/v1/tracks/7tKnaB8gsXxyPScxEwzQ9N,https://api.spotify.com/v1/audio-analysis/7tKnaB8gsXxyPScxEwzQ9N,191640,4,Studying
75,4KDunhuHObIb7pVYRNC2OH,Blue Light,Blue Light,SUN SILVA,FALSE,38,0.506,0.61,4,-11.224,0,0.0407,0.00775,0.0938,0.18,0.382,147.455,audio_features,spotify:track:4KDunhuHObIb7pVYRNC2OH,https://api.spotify.com/v1/tracks/4KDunhuHObIb7pVYRNC2OH,https://api.spotify.com/v1/audio-analysis/4KDunhuHObIb7pVYRNC2OH,222106,4,Walking
76,14zhqtMI5xHrfCFCLhFcsn,Colors,Dreams,Beck,TRUE,59,0.582,0.938,1,-5.726,0,0.0392,0.000733,0.0202,0.0841,0.8,113.999,audio_features,spotify:track:14zhqtMI5xHrfCFCLhFcsn,https://api.spotify.com/v1/tracks/14zhqtMI5xHrfCFCLhFcsn,https://api.spotify.com/v1/audio-analysis/14zhqtMI5xHrfCFCLhFcsn,314487,4,Walking
77,4XOc8gjhKl7FvdD4CHBYIy,She Don't Dance,She Don't Dance,Everyone You Know,FALSE,58,0.716,0.875,11,-4.664,0,0.0594,0.0213,2.57E-06,0.535,0.099,109.991,audio_features,spotify:track:4XOc8gjhKl7FvdD4CHBYIy,https://api.spotify.com/v1/tracks/4XOc8gjhKl7FvdD4CHBYIy,https://api.spotify.com/v1/audio-analysis/4XOc8gjhKl7FvdD4CHBYIy,226611,4,Walking
78,0eEa7ypuz6CbpmIoPKiBZ5,Push,Push (feat. Andrew Wyatt),"A-Trak, Andrew Wyatt",FALSE,43,0.643,0.874,7,-2.82,1,0.0466,0.00197,0.00192,0.0914,0.454,126.054,audio_features,spotify:track:0eEa7ypuz6CbpmIoPKiBZ5,https://api.spotify.com/v1/tracks/0eEa7ypuz6CbpmIoPKiBZ5,https://api.spotify.com/v1/audio-analysis/0eEa7ypuz6CbpmIoPKiBZ5,213512,4,Walking
79,5fXlyeTtG6Q9gnyxPFBk4l,In Guards We Trust,I Know It's You,Guards,FALSE,33,0.292,0.945,4,-6.772,1,0.193,0.178,0.0767,0.348,0.0615,162.172,audio_features,spotify:track:5fXlyeTtG6Q9gnyxPFBk4l,https://api.spotify.com/v1/tracks/5fXlyeTtG6Q9gnyxPFBk4l,https://api.spotify.com/v1/audio-analysis/5fXlyeTtG6Q9gnyxPFBk4l,300173,4,Studying
80,5CBcAuXhSrMVwxtDWLzZAX,We Loved Her Dearly,Palm Trees,Lowell,FALSE,44,0.543,0.598,0,-7.277,0,0.0315,0.386,0.0524,0.103,0.286,129.751,audio_features,spotify:track:5CBcAuXhSrMVwxtDWLzZAX,https://api.spotify.com/v1/tracks/5CBcAuXhSrMVwxtDWLzZAX,https://api.spotify.com/v1/audio-analysis/5CBcAuXhSrMVwxtDWLzZAX,269867,4,Studying
81,4SJrYCJbejxwjXJB6VLIB8,Primitives,Appeals,Bayonne,FALSE,31,0.529,0.858,8,-7.233,1,0.031,0.173,0.0818,0.283,0.613,158.65,audio_features,spotify:track:4SJrYCJbejxwjXJB6VLIB8,https://api.spotify.com/v1/tracks/4SJrYCJbejxwjXJB6VLIB8,https://api.spotify.com/v1/audio-analysis/4SJrYCJbejxwjXJB6VLIB8,249839,3,Walking
82,2tfhqmq39kpDf1k7IJWxld,The Names,Sister of Pearl,Baio,FALSE,52,0.731,0.646,5,-7.955,1,0.0443,0.0705,0.252,0.194,0.949,125.061,audio_features,spotify:track:2tfhqmq39kpDf1k7IJWxld,https://api.spotify.com/v1/tracks/2tfhqmq39kpDf1k7IJWxld,https://api.spotify.com/v1/audio-analysis/2tfhqmq39kpDf1k7IJWxld,253440,4,Walking
83,19nUjmaqEhWvOtKk72NXGC,Tell Me How You Really Feel,City Looks Pretty,Courtney Barnett,FALSE,42,0.31,0.781,2,-6.544,1,0.0341,0.00691,0.00351,0.113,0.185,128.024,audio_features,spotify:track:19nUjmaqEhWvOtKk72NXGC,https://api.spotify.com/v1/tracks/19nUjmaqEhWvOtKk72NXGC,https://api.spotify.com/v1/audio-analysis/19nUjmaqEhWvOtKk72NXGC,281587,4,Walking
84,7BaSei034daXRYT7HpuT2B,Cut It Out EP,G# - EP Version,Kitten,FALSE,33,0.394,0.811,8,-4.201,1,0.0428,0.00409,0.0159,0.144,0.3,134.938,audio_features,spotify:track:7BaSei034daXRYT7HpuT2B,https://api.spotify.com/v1/tracks/7BaSei034daXRYT7HpuT2B,https://api.spotify.com/v1/audio-analysis/7BaSei034daXRYT7HpuT2B,285480,4,Studying
85,6CDzDgIUqeDY5g8ujExx2f,Heat Waves,Heat Waves,Glass Animals,FALSE,89,0.761,0.525,11,-6.9,1,0.0944,0.44,6.70E-06,0.0921,0.531,80.87,audio_features,spotify:track:6CDzDgIUqeDY5g8ujExx2f,https://api.spotify.com/v1/tracks/6CDzDgIUqeDY5g8ujExx2f,https://api.spotify.com/v1/audio-analysis/6CDzDgIUqeDY5g8ujExx2f,238805,4,Walking
86,6RZmhpvukfyeSURhf4kZ0d,The Slow Rush,Is It True,Tame Impala,FALSE,70,0.731,0.664,0,-5.474,1,0.0302,0.00307,0.35,0.133,0.661,118.018,audio_features,spotify:track:6RZmhpvukfyeSURhf4kZ0d,https://api.spotify.com/v1/tracks/6RZmhpvukfyeSURhf4kZ0d,https://api.spotify.com/v1/audio-analysis/6RZmhpvukfyeSURhf4kZ0d,239267,4,Walking
87,6Al18bAYlwaiGFp1F5wlih,GENE,Beginning,LA Priest,FALSE,44,0.9,0.51,8,-6.562,1,0.0479,0.639,2.75E-05,0.0781,0.971,109.997,audio_features,spotify:track:6Al18bAYlwaiGFp1F5wlih,https://api.spotify.com/v1/tracks/6Al18bAYlwaiGFp1F5wlih,https://api.spotify.com/v1/audio-analysis/6Al18bAYlwaiGFp1F5wlih,246987,4,Studying
88,4yyFQvhFzwehcd4rNww13N,Apple Juice,Apple Juice,Oscar Lang,FALSE,40,0.443,0.867,0,-5.641,1,0.0484,0.000659,8.84E-05,0.12,0.706,169.841,audio_features,spotify:track:4yyFQvhFzwehcd4rNww13N,https://api.spotify.com/v1/tracks/4yyFQvhFzwehcd4rNww13N,https://api.spotify.com/v1/audio-analysis/4yyFQvhFzwehcd4rNww13N,197970,4,Studying
89,4cpzEF1s3aIafF97VTKjLa,Citizen X,Citizen X,Peel,FALSE,34,0.447,0.869,10,-4.866,1,0.0313,2.59E-05,0.307,0.15,0.087,138.017,audio_features,spotify:track:4cpzEF1s3aIafF97VTKjLa,https://api.spotify.com/v1/tracks/4cpzEF1s3aIafF97VTKjLa,https://api.spotify.com/v1/audio-analysis/4cpzEF1s3aIafF97VTKjLa,199064,4,Walking
90,5mCprFWOqe0jB96v9RhLBo,How Do You Feel Now?,Tongues,"Joywave, KOPPS",FALSE,57,0.827,0.682,6,-7.111,0,0.0435,0.00048,0.0187,0.101,0.933,117.967,audio_features,spotify:track:5mCprFWOqe0jB96v9RhLBo,https://api.spotify.com/v1/tracks/5mCprFWOqe0jB96v9RhLBo,https://api.spotify.com/v1/audio-analysis/5mCprFWOqe0jB96v9RhLBo,234773,4,Walking
91,3cQzrjkL2UaGLX1abHxaIz,I'm Alive,I'm Alive,TTRRUUCES,FALSE,27,0.638,0.85,9,-4.251,1,0.0524,0.0733,0.0122,0.0867,0.545,100.015,audio_features,spotify:track:3cQzrjkL2UaGLX1abHxaIz,https://api.spotify.com/v1/tracks/3cQzrjkL2UaGLX1abHxaIz,https://api.spotify.com/v1/audio-analysis/3cQzrjkL2UaGLX1abHxaIz,229227,4,Studying
92,6ysRK6One7O5GiRVvrs0x1,Do You Love Her Now / He,He,Jai Paul,FALSE,0,0.743,0.441,11,-11.169,1,0.0898,0.514,0.00524,0.309,0.465,95.024,audio_features,spotify:track:6ysRK6One7O5GiRVvrs0x1,https://api.spotify.com/v1/tracks/6ysRK6One7O5GiRVvrs0x1,https://api.spotify.com/v1/audio-analysis/6ysRK6One7O5GiRVvrs0x1,268000,4,Studying
93,61bVwTPWKU7GVXCjNkt19F,Lay it Right,Lay it Right,Speelburg,FALSE,39,0.737,0.699,6,-8.27,0,0.223,0.0707,0,0.147,0.449,116.003,audio_features,spotify:track:61bVwTPWKU7GVXCjNkt19F,https://api.spotify.com/v1/tracks/61bVwTPWKU7GVXCjNkt19F,https://api.spotify.com/v1/audio-analysis/61bVwTPWKU7GVXCjNkt19F,206187,4,Walking
94,0Up7M5y6e7K8AeJyaYtVAt,A Little Bit Of Fear,A Little Bit Of Fear,April Towers,FALSE,37,0.666,0.84,10,-8.292,1,0.045,0.00377,0.00264,0.0976,0.659,119.996,audio_features,spotify:track:0Up7M5y6e7K8AeJyaYtVAt,https://api.spotify.com/v1/tracks/0Up7M5y6e7K8AeJyaYtVAt,https://api.spotify.com/v1/audio-analysis/0Up7M5y6e7K8AeJyaYtVAt,228468,4,Walking
95,6lUqD795vAuAgOcIba3u91,Mothers (Track By Track Commentary),One Great Song and I Could Change the World,Swim Deep,FALSE,23,0.504,0.842,10,-5.88,1,0.0418,0.0112,0.00297,0.175,0.699,98.998,audio_features,spotify:track:6lUqD795vAuAgOcIba3u91,https://api.spotify.com/v1/tracks/6lUqD795vAuAgOcIba3u91,https://api.spotify.com/v1/audio-analysis/6lUqD795vAuAgOcIba3u91,238507,4,Studying
96,4WMuY659P2MKnoW40oGXe8,Evil Friends,Purple Yellow Red and Blue,Portugal. The Man,FALSE,57,0.601,0.859,4,-6.311,0,0.0397,0.0351,0.331,0.144,0.431,101.003,audio_features,spotify:track:4WMuY659P2MKnoW40oGXe8,https://api.spotify.com/v1/tracks/4WMuY659P2MKnoW40oGXe8,https://api.spotify.com/v1/audio-analysis/4WMuY659P2MKnoW40oGXe8,249747,4,Walking
97,1IZDDg9rFovUyHvlPFoZeV,Howlin,What Love,Jagwar Ma,FALSE,25,0.525,0.673,9,-8.019,1,0.0344,0.000104,0.0197,0.209,0.196,174.018,audio_features,spotify:track:1IZDDg9rFovUyHvlPFoZeV,https://api.spotify.com/v1/tracks/1IZDDg9rFovUyHvlPFoZeV,https://api.spotify.com/v1/audio-analysis/1IZDDg9rFovUyHvlPFoZeV,232560,4,Studying
98,3YT3RgSGhvgormc5f7h2xi,Fado,Fado,Milky Chance,FALSE,36,0.821,0.54,3,-7.001,1,0.0683,0.203,0.000657,0.102,0.587,114.021,audio_features,spotify:track:3YT3RgSGhvgormc5f7h2xi,https://api.spotify.com/v1/tracks/3YT3RgSGhvgormc5f7h2xi,https://api.spotify.com/v1/audio-analysis/3YT3RgSGhvgormc5f7h2xi,250400,4,Walking
99,6iRXOuVt9bOdGr3nohzddj,RUNAWAY,RUNAWAY,half•alive,FALSE,0,0.752,0.598,0,-5.617,0,0.0482,0.00368,0.00165,0.0651,0.592,131.967,audio_features,spotify:track:6iRXOuVt9bOdGr3nohzddj,https://api.spotify.com/v1/tracks/6iRXOuVt9bOdGr3nohzddj,https://api.spotify.com/v1/audio-analysis/6iRXOuVt9bOdGr3nohzddj,161760,4,Studying
